<?xml version="1.0" encoding="UTF-8"?>
<CustomerData>
  <GeneralInfo>
    <CSCEdition>ED0002</CSCEdition>
    <Country>Egypt</Country>
    <CountryISO>EG</CountryISO>
    <Region>MEA</Region>
    <SalesCode>EGY</SalesCode>
    <NbNetworkInfo>4</NbNetworkInfo>
    <NetworkInfo>
      <MCCMNC>60201</MCCMNC>
      <NetworkName>Orange Egypt</NetworkName>
      <NWID>NW02075</NWID>
    </NetworkInfo>
    <NetworkInfo>
      <MCCMNC>60202</MCCMNC>
      <NetworkName>Vodafone</NetworkName>
      <NWID>NW01476</NWID>
    </NetworkInfo>
    <NetworkInfo>
      <MCCMNC>60203</MCCMNC>
      <NetworkName>Etisalat</NetworkName>
      <NWID>NW00485</NWID>
    </NetworkInfo>
    <NetworkInfo>
      <MCCMNC>60204</MCCMNC>
      <NetworkName>we</NetworkName>
      <NWID>NW01950</NWID>
    </NetworkInfo>
  </GeneralInfo>
  <Settings>
    <Main>
      <Security>
        <OneSIMLock>none</OneSIMLock>
        <SeparateLock>none</SeparateLock>
      </Security>
      <Network>
        <NbWbAmr>1</NbWbAmr>
        <WbAmr>
          <NetworkName>Orange Egypt</NetworkName>
          <WbAmrCodec>on</WbAmrCodec>
        </WbAmr>
        <AutoProfile>on</AutoProfile>
        <AutoVoicemail>off</AutoVoicemail>
        <AutoEmailAccount>off</AutoEmailAccount>
        <AutoBookmark>off</AutoBookmark>
        <AutoLink>off</AutoLink>
        <AutoSyncML>off</AutoSyncML>
        <AutoFastDormancy>off</AutoFastDormancy>
        <AutoWbAmr>on</AutoWbAmr>
        <AutoFOTA>off</AutoFOTA>
      </Network>
      <Sound>
        <RngToneAlertType>melody</RngToneAlertType>
      </Sound>
      <Phone>
        <DefLanguage>en_GB</DefLanguage>
        <DefLanguageNoSIM>en_GB</DefLanguageNoSIM>
      </Phone>
    </Main>
    <Calendar>
      <StartDay>sunday</StartDay>
    </Calendar>
    <Messages>
      <MMS>
        <MmsSending>
          <ReqDeliveryRep>off</ReqDeliveryRep>
          <ReqReadRep>off</ReqReadRep>
          <MessageSize>300</MessageSize>
          <CreationMode>free</CreationMode>
        </MmsSending>
        <MmsReceiving>
          <Home>auto</Home>
          <Roaming>restricted</Roaming>
        </MmsReceiving>
      </MMS>
    </Messages>
    <Browser>
      <NbBookmark>3</NbBookmark>
      <Bookmark>
        <NetworkName>default</NetworkName>
        <BookmarkName>Galaxy Shop</BookmarkName>
        <URL>https://www.samsung.com/eg/mobile/?cid=eg_ow_app_s-internet_none_none_bookmark_bookmark_202008_none</URL>
      </Bookmark>
      <Bookmark>
        <NetworkName>default</NetworkName>
        <Editable>no</Editable>
        <BookmarkName>Samsung Apps Web</BookmarkName>
        <URL>http://www.samsungapps.com</URL>
      </Bookmark>
      <Bookmark>
        <NetworkName>default</NetworkName>
        <Editable>yes</Editable>
        <BookmarkName>Google</BookmarkName>
        <URL>http://www.google.com/m?client={CID}&amp;source=android-home</URL>
      </Bookmark>
      <eManual>
        <URL>http://www.samsung.com/m-manual/common</URL>
      </eManual>
    </Browser>
    <Connections>
      <NbProfileHandle>4</NbProfileHandle>
      <ProfileHandle>
        <NbNetProfile>2</NbNetProfile>
        <NetworkName>Orange Egypt</NetworkName>
        <ProfBrowser>Orange Egypt Web</ProfBrowser>
        <ProfMMS>Orange Egypt MMS</ProfMMS>
      </ProfileHandle>
      <ProfileHandle>
        <NbNetProfile>2</NbNetProfile>
        <NetworkName>Vodafone</NetworkName>
        <ProfBrowser>Vodafone Internet</ProfBrowser>
        <ProfMMS>Vodafone MMS</ProfMMS>
      </ProfileHandle>
      <ProfileHandle>
        <NbNetProfile>2</NbNetProfile>
        <NetworkName>Etisalat</NetworkName>
        <ProfBrowser>Etisalat WEB</ProfBrowser>
        <ProfMMS>Etisalat MMS</ProfMMS>
      </ProfileHandle>
      <ProfileHandle>
        <NbNetProfile>1</NbNetProfile>
        <NetworkName>we</NetworkName>
        <ProfBrowser>we Internet</ProfBrowser>
      </ProfileHandle>
      <NbProfile>7</NbProfile>
      <Profile>
        <NetworkName>Orange Egypt</NetworkName>
        <Editable>yes</Editable>
        <ProfileName>Orange Egypt Web</ProfileName>
        <Protocol>http</Protocol>
        <PSparam>
          <APN>Orangeweb</APN>
        </PSparam>
      </Profile>
      <Profile>
        <NetworkName>Orange Egypt</NetworkName>
        <Editable>yes</Editable>
        <ProfileName>Orange Egypt MMS</ProfileName>
        <URL>http://10.7.13.24:8002</URL>
        <Protocol>http</Protocol>
        <Proxy>
          <EnableFlag>on</EnableFlag>
          <ServAddr>62.241.155.45</ServAddr>
          <Port>8080</Port>
        </Proxy>
        <PSparam>
          <APN>mobinilmms</APN>
        </PSparam>
      </Profile>
      <Profile>
        <NetworkName>Vodafone</NetworkName>
        <Editable>yes</Editable>
        <ProfileName>Vodafone MMS</ProfileName>
        <URL>http://mms.vodafone.com.eg/servlets/mms</URL>
        <Auth>normal</Auth>
        <Protocol>http</Protocol>
        <Proxy>
          <EnableFlag>on</EnableFlag>
          <ServAddr>163.121.178.2</ServAddr>
          <Port>8080</Port>
        </Proxy>
        <PSparam>
          <APN>mms.vodafone.com.eg</APN>
          <UserId>mms</UserId>
          <Password>mms</Password>
        </PSparam>
      </Profile>
      <Profile>
        <NetworkName>Vodafone</NetworkName>
        <Editable>yes</Editable>
        <ProfileName>Vodafone Internet</ProfileName>
        <Auth>normal</Auth>
        <Protocol>other</Protocol>
        <PSparam>
          <APN>internet.vodafone.net</APN>
          <UserId>internet</UserId>
          <Password>internet</Password>
        </PSparam>
      </Profile>
      <Profile>
        <NetworkName>Etisalat</NetworkName>
        <IpVersion>ipv4v6</IpVersion>
        <RoamingIpVersion>ipv4</RoamingIpVersion>
        <Editable>yes</Editable>
        <ProfileName>Etisalat MMS</ProfileName>
        <URL>http://10.71.131.7:38090</URL>
        <Protocol>http</Protocol>
        <Proxy>
          <EnableFlag>on</EnableFlag>
          <ServAddr>10.71.130.29</ServAddr>
          <Port>8080</Port>
        </Proxy>
        <PSparam>
          <APN>etisalat</APN>
        </PSparam>
      </Profile>
      <Profile>
        <NetworkName>Etisalat</NetworkName>
        <IpVersion>ipv4v6</IpVersion>
        <RoamingIpVersion>ipv4</RoamingIpVersion>
        <Editable>yes</Editable>
        <ProfileName>Etisalat WEB</ProfileName>
        <Protocol>http</Protocol>
        <PSparam>
          <APN>etisalat</APN>
        </PSparam>
      </Profile>
      <Profile>
        <NetworkName>we</NetworkName>
        <Editable>yes</Editable>
        <ProfileName>we Internet</ProfileName>
        <URL>https://te.eg</URL>
        <Protocol>http</Protocol>
        <Proxy>
          <EnableFlag>off</EnableFlag>
          <ServAddr>0.0.0.0</ServAddr>
          <Port>80</Port>
        </Proxy>
        <PSparam>
          <APN>internet</APN>
        </PSparam>
      </Profile>
    </Connections>
  </Settings>
</CustomerData>